year,isaLadC,isaLadA,sippLad,sippEq,acn,abbyDC,abbyIsaEq,isaEqNew,gia,cash,crypto,shares,total,ladder,coupons,hb,sp,drawC,drawA,tfc,tax,surplus,taxedDraw
2026,276.7,242.8,389.9,49.7,193.1,282.9,69.8,0.0,0.0,66.0,53.9,2.0,1626.7,0.0,0.0,0.0,0.0,0.0,0.0,0.0,0.0,0.0,0.0
2027,279.7,245.4,396.8,52.7,196.9,322.1,71.2,4.8,0.0,66.3,55.0,2.0,1692.9,0.0,6.8,0.0,0.0,0.0,0.0,0.0,0.0,0.0,0.0
2028,282.8,248.1,403.9,55.7,200.9,363.5,72.6,9.7,0.0,66.7,56.1,2.0,1762.0,0.0,6.8,0.0,0.0,0.0,0.0,0.0,0.0,0.0,0.0
2029,285.9,250.8,411.1,58.8,204.9,407.2,74.0,14.7,0.0,67.0,57.2,2.1,1833.9,0.0,6.8,0.0,0.0,0.0,0.0,0.0,0.0,0.0,0.0
2030,289.1,253.6,418.5,62.0,209.0,453.4,75.5,19.8,0.0,67.3,58.4,2.1,1908.8,0.0,6.8,0.0,0.0,0.0,0.0,0.0,0.0,0.0,0.0
2031,292.3,256.5,426.1,65.2,213.2,502.1,77.0,25.0,0.0,67.7,59.5,2.2,1986.8,0.0,6.8,0.0,0.0,0.0,0.0,0.0,0.0,0.0,0.0
2032,295.6,259.4,433.9,68.5,217.4,553.3,78.6,30.4,0.0,68.0,60.7,2.2,2068.0,0.0,6.8,0.0,0.0,0.0,0.0,0.0,0.0,0.0,0.0
2033,299.0,262.4,441.8,71.9,221.8,607.2,80.1,35.8,0.0,68.3,61.9,2.3,2152.5,0.0,6.8,0.0,0.0,0.0,0.0,0.0,0.0,0.0,0.0
2034,302.4,265.4,449.9,75.3,226.2,663.9,81.8,41.3,0.0,68.7,63.2,2.3,2240.4,0.0,6.8,0.0,0.0,0.0,0.0,0.0,0.0,0.0,0.0
2035,253.4,222.3,458.2,78.8,230.7,723.4,83.4,98.5,0.0,69.0,64.4,2.3,2284.6,103.5,6.8,13.0,0.0,0.0,0.0,0.0,0.1,56.4,0.0
2036,203.9,178.9,466.7,82.4,235.4,737.8,85.1,155.8,0.0,69.4,65.7,2.4,2283.6,102.4,5.7,13.0,0.0,0.0,0.0,0.0,0.1,55.3,0.0
2037,153.6,134.7,475.4,86.0,240.1,752.6,86.8,214.1,0.0,69.7,67.0,2.4,2282.5,102.3,5.6,13.0,0.0,0.0,0.0,0.0,0.1,55.2,0.0
2038,102.8,90.2,484.3,89.8,244.9,767.6,88.5,272.5,0.0,70.1,68.4,2.5,2281.4,101.2,4.5,13.0,0.0,0.0,0.0,0.0,0.1,54.1,0.0
2039,51.9,45.5,493.3,93.5,249.8,783.0,90.3,330.3,0.0,70.4,69.8,2.5,2280.3,99.4,2.7,13.0,0.0,0.0,0.0,0.0,0.1,52.4,0.0
2040,0.0,0.0,502.6,97.4,254.8,798.7,92.1,389.1,0.0,70.8,71.2,2.6,2279.2,99.3,2.6,13.0,0.0,0.0,0.0,0.0,0.1,52.2,0.0
2041,0.0,0.0,405.9,147.6,259.9,814.6,93.9,396.9,0.0,71.1,72.6,2.6,2265.1,108.3,2.0,0.0,0.0,12.6,0.0,47.4,0.0,0.0,0.0
2042,0.0,0.0,307.0,198.7,265.1,830.9,95.8,404.9,0.0,71.5,74.0,2.7,2250.5,108.1,1.9,0.0,0.0,12.6,0.0,47.4,0.0,0.0,0.0
2043,0.0,0.0,206.9,262.4,270.4,835.0,97.7,413.0,0.0,71.8,75.5,2.7,2235.4,107.1,0.9,0.0,0.0,12.6,12.6,34.9,0.0,0.0,0.0
2044,0.0,0.0,104.5,327.3,275.8,839.1,99.7,421.2,0.0,72.2,77.0,2.8,2219.6,107.1,0.9,0.0,0.0,12.6,12.6,34.9,0.0,0.0,0.0
2045,0.0,0.0,0.0,393.3,281.3,843.3,101.6,429.6,0.0,72.6,78.6,2.9,2203.2,106.9,0.7,0.0,0.0,12.6,12.6,34.9,0.0,0.0,0.0
2046,0.0,0.0,0.0,353.8,286.9,847.6,103.7,438.2,0.0,72.9,80.1,2.9,2186.2,0.0,0.0,0.0,0.0,12.6,12.6,34.9,0.0,0.0,0.0
2047,0.0,0.0,0.0,314.3,292.6,851.1,105.8,447.0,0.0,73.3,81.7,3.0,2168.8,0.0,0.0,0.0,0.0,12.6,12.6,34.9,0.0,0.0,0.0
2048,0.0,0.0,0.0,308.0,298.5,820.7,107.9,455.9,0.0,73.7,83.4,3.0,2151.1,0.0,0.0,0.0,0.0,12.6,12.6,34.9,0.0,0.0,0.0
2049,0.0,0.0,0.0,301.6,304.5,789.7,110.0,465.1,0.0,74.0,85.0,3.1,2133.0,0.0,0.0,0.0,0.0,12.6,12.6,34.9,0.0,0.0,0.0
2050,0.0,0.0,0.0,295.1,310.6,758.0,112.2,474.4,0.0,74.4,86.7,3.2,2114.6,0.0,0.0,0.0,0.0,12.6,12.6,34.9,0.0,0.0,0.0
2051,0.0,0.0,0.0,288.4,316.8,725.8,114.5,483.9,0.0,74.8,88.5,3.2,2095.7,0.0,0.0,0.0,0.0,12.6,12.6,34.9,0.0,0.0,0.0
2052,0.0,0.0,0.0,294.2,323.1,692.9,116.8,493.5,0.0,75.1,90.2,3.3,2089.1,0.0,0.0,0.0,12.5,0.0,12.6,34.9,0.0,0.0,0.0
2053,0.0,0.0,0.0,300.0,329.6,659.3,119.1,503.4,0.0,75.5,92.0,3.3,2082.3,0.0,0.0,0.0,12.5,0.0,12.6,34.9,0.0,0.0,0.0
2054,0.0,0.0,0.0,306.0,336.2,625.0,121.5,513.5,0.0,75.9,93.9,3.4,2075.3,0.0,0.0,0.0,12.5,0.0,12.6,34.9,0.0,0.0,0.0
2055,0.0,0.0,0.0,312.1,342.9,614.2,123.9,512.2,0.0,76.3,95.8,3.5,2080.8,0.0,0.0,0.0,25.1,0.0,0.0,23.4,0.0,0.0,0.0
2056,0.0,0.0,0.0,318.3,349.7,626.4,126.4,487.6,0.0,76.7,97.7,3.6,2086.4,0.0,0.0,0.0,25.1,0.0,0.0,0.0,0.0,0.0,0.0
2057,0.0,0.0,0.0,324.7,356.7,638.9,128.9,462.5,0.0,77.0,99.6,3.6,2092.0,0.0,0.0,0.0,25.1,0.0,0.0,0.0,0.0,0.0,0.0
2058,0.0,0.0,0.0,331.1,363.9,651.7,131.5,436.9,0.0,77.4,101.6,3.7,2097.8,0.0,0.0,0.0,25.1,0.0,0.0,0.0,0.0,0.0,0.0
2059,0.0,0.0,0.0,337.7,371.1,664.7,134.1,410.8,0.0,77.8,103.7,3.8,2103.7,0.0,0.0,0.0,25.1,0.0,0.0,0.0,0.0,0.0,0.0
2060,0.0,0.0,0.0,344.5,378.6,678.0,136.8,384.2,0.0,78.2,105.7,3.8,2109.7,0.0,0.0,0.0,25.1,0.0,0.0,0.0,0.0,0.0,0.0
2061,0.0,0.0,0.0,351.3,386.1,691.5,139.5,357.0,0.0,78.6,107.8,3.9,2115.8,0.0,0.0,0.0,25.1,0.0,0.0,0.0,0.0,0.0,0.0
2062,0.0,0.0,0.0,358.3,393.9,705.3,142.3,329.3,0.0,79.0,110.0,4.0,2122.1,0.0,0.0,0.0,25.1,0.0,0.0,0.0,0.0,0.0,0.0
2063,0.0,0.0,0.0,365.5,401.7,719.4,145.2,301.0,0.0,79.4,112.2,4.1,2128.4,0.0,0.0,0.0,25.1,0.0,0.0,0.0,0.0,0.0,0.0
2064,0.0,0.0,0.0,372.8,409.8,733.8,148.1,272.1,0.0,79.8,114.4,4.2,2134.9,0.0,0.0,0.0,25.1,0.0,0.0,0.0,0.0,0.0,0.0
2065,0.0,0.0,0.0,380.2,418.0,748.4,151.0,242.7,0.0,80.2,116.7,4.2,2141.5,0.0,0.0,0.0,25.1,0.0,0.0,0.0,0.0,0.0,0.0
2066,0.0,0.0,0.0,387.8,426.3,763.4,154.1,212.7,0.0,80.6,119.1,4.3,2148.2,0.0,0.0,0.0,25.1,0.0,0.0,0.0,0.0,0.0,0.0
2067,0.0,0.0,0.0,395.5,434.9,778.6,157.1,182.1,0.0,81.0,121.4,4.4,2155.1,0.0,0.0,0.0,25.1,0.0,0.0,0.0,0.0,0.0,0.0
2068,0.0,0.0,0.0,403.4,443.6,794.1,160.3,150.9,0.0,81.4,123.9,4.5,2162.0,0.0,0.0,0.0,25.1,0.0,0.0,0.0,0.0,0.0,0.0
2069,0.0,0.0,0.0,411.5,452.4,810.0,163.5,119.0,0.0,81.8,126.4,4.6,2169.2,0.0,0.0,0.0,25.1,0.0,0.0,0.0,0.0,0.0,0.0
2070,0.0,0.0,0.0,419.7,461.5,826.2,166.8,86.6,0.0,82.2,128.9,4.7,2176.4,0.0,0.0,0.0,25.1,0.0,0.0,0.0,0.0,0.0,0.0
2071,0.0,0.0,0.0,428.0,470.7,842.7,170.1,53.4,0.0,82.6,131.5,4.8,2183.8,0.0,0.0,0.0,25.1,0.0,0.0,0.0,0.0,0.0,0.0
2072,0.0,0.0,0.0,436.6,480.1,859.5,173.5,19.7,0.0,83.0,134.1,4.9,2191.3,0.0,0.0,0.0,25.1,0.0,0.0,0.0,0.0,0.0,0.0
2073,0.0,0.0,0.0,445.3,489.7,876.7,162.2,0.0,0.0,83.4,136.8,5.0,2199.0,0.0,0.0,0.0,25.1,0.0,0.0,0.0,0.0,0.0,0.0
2074,0.0,0.0,0.0,454.2,499.5,894.2,130.5,0.0,0.0,83.9,139.5,5.1,2206.8,0.0,0.0,0.0,25.1,0.0,0.0,0.0,0.0,0.0,0.0
2075,0.0,0.0,0.0,463.2,509.5,912.1,98.3,0.0,0.0,84.3,142.3,5.2,2214.8,0.0,0.0,0.0,25.1,0.0,0.0,0.0,0.0,0.0,0.0
